Time_min,Frequency_Hz,Impedance_Magnitude
0,500,869.1981141268108
5,500,864.0063793256659
10,500,859.3358252416346
15,500,871.0153383814475
20,500,857.5125547320464
25,500,863.4274211440747
30,500,865.8387212640579
35,500,862.1774995851484
40,500,864.1282141097091
45,500,869.0920628627723
50,500,866.4868129411009
55,500,876.7131258723896
60,500,865.3920225006649
65,500,866.1445541416101
70,500,872.442030839355
75,500,871.8681915494082
80,500,873.6272533173943
85,500,865.6687236477551
90,500,870.4118784615256
95,500,862.0190203544221
100,500,865.9425053541502
105,500,864.5443069979443
110,500,869.8443328108814
115,500,873.6710144043042
120,500,867.0771806130422
125,500,867.7912012353419
130,500,873.1156280269503
135,500,865.3373156496094
140,500,875.1065972822768
145,500,859.6688436577455
150,500,867.6287085897378
155,500,869.2404612074016
160,500,868.2842499775487
165,500,867.1587690769
170,500,865.1287152157788
175,500,860.1569809322932
180,500,865.5109711038133
185,500,872.3411781195758
190,500,872.2447524807102
195,500,879.4387552371189
200,500,874.0133158216862
205,500,878.7572046367611
210,500,866.8656299545125
215,500,866.3577292267919
220,500,870.1729976040472
225,500,873.4811070058207
230,500,869.9877642383793
235,500,870.1437403439115
240,500,876.5545867094364
245,500,869.6214024929021
250,500,879.674486933541
255,500,875.7803488654686
260,500,875.0713353878627
265,500,868.2999364162024
270,500,874.8903026209057
275,500,873.9653122088276
280,500,877.7557563258144
285,500,870.8041883454547
290,500,878.8454319481503
295,500,861.0886471146582
300,500,872.0428641572711
305,500,882.229963872081
310,500,873.7336779943462
315,500,872.1612022545225
320,500,881.598789463468
325,500,872.2011630975521
330,500,871.0940009350358
335,500,876.1669312228299
340,500,876.4104261531015
345,500,876.3523090880517
350,500,871.4318099574234
355,500,872.6978635587305
360,500,872.9688719869093
365,500,879.6848851651887
370,500,872.2543854026626
375,500,874.6871229571144
380,500,875.5302848146754
385,500,876.2352081238785
390,500,876.9376951425041
395,500,876.5253596327392
400,500,879.5675423533982
405,500,870.6969374481426
410,500,875.3137783933751
415,500,881.8146016024888
420,500,878.7994168720235
425,500,879.3766326308164
430,500,876.2898955493106
435,500,877.084150540843
440,500,878.8506544585568
445,500,885.2319815522782
450,500,875.0152756231339
455,500,883.5029627879646
460,500,872.1386762255402
465,500,875.3988047564003
470,500,879.9103697996404
475,500,878.8180507792176
480,500,874.8072516314691
485,500,879.2920698206972
490,500,885.5374084360411
495,500,874.5405254613217
500,500,873.9884564170214
505,500,876.0037028654027
510,500,881.0378941154664
515,500,883.0066556385985
520,500,883.0458212086704
525,500,883.9486358614614
530,500,885.3136470149279
535,500,877.2698383588805
540,500,882.547150199325
545,500,889.9148084395549
550,500,883.4438256347936
555,500,893.2595949752894
560,500,884.8975670513909
565,500,878.3304963146744
570,500,877.6731537799881
575,500,881.8785575970691
580,500,875.0744556142683
585,500,873.4409700332753
590,500,874.7354763828351
595,500,884.1587677566987
600,500,874.1792999544949
605,500,882.0878823798303
610,500,889.6481217125655
615,500,877.0722436051592
620,500,885.6097802434056
625,500,889.6386920535791
630,500,885.1266847391005
635,500,876.9002248348442
640,500,879.9910082579048
645,500,885.8737782166753
650,500,876.8566822883802
655,500,873.023763155911
660,500,893.8622786726883
665,500,880.9378080633663
670,500,886.3938190239919
675,500,877.1712841847542
680,500,883.1453285413834
685,500,889.9870747858408
690,500,887.5487332211178
695,500,884.2595739243932
700,500,880.4191030780866
705,500,894.7706119800733
710,500,884.6550471152304
715,500,875.3671358078725
720,500,890.5229060752325
725,500,877.370747061314
730,500,884.7007523339897
735,500,885.6376955908488
740,500,880.9535975446254
745,500,886.9485258112475
750,500,883.6857781387449
755,500,888.8239919425512
760,500,890.7641568212563
765,500,888.7522019174639
770,500,887.7465884278218
775,500,884.2352424936836
780,500,892.3935008227365
785,500,883.9707535448711
790,500,895.8872289115355
795,500,887.8823803656214
800,500,897.7660954695504
805,500,886.8853359211006
810,500,886.8406475122704
815,500,890.160263781112
820,500,891.6527795472795
825,500,895.5812061126829
830,500,889.3799494735061
835,500,892.1051676081375
840,500,891.7564066100063
845,500,884.6436415067088
850,500,891.2561834299314
855,500,882.169420595753
860,500,885.9409476662754
865,500,888.347222981039
870,500,896.5286014951391
875,500,889.9583895232294
880,500,895.4269674427395
885,500,889.5074188997381
890,500,894.2486230199316
895,500,883.6966238880019
900,500,892.0759422460309
905,500,888.0150933192697
910,500,893.780782934565
915,500,888.3535912523455
920,500,884.0263679962358
925,500,885.4148418142779
930,500,894.7632469854818
935,500,888.942819171479
940,500,892.9031182692346
945,500,882.7412829151002
950,500,893.613251785946
955,500,891.9942652889889
960,500,886.598175171895
965,500,898.0657866400104
970,500,895.0226226786904
975,500,886.7229232487434
980,500,889.2393671341716
985,500,893.3484359771918
990,500,904.058972552038
995,500,893.1861647456088
1000,500,889.5178607970173
1005,500,896.6537778645979
1010,500,895.0917292002832
1015,500,896.7930331493636
1020,500,890.6265786489214
1025,500,897.0359394845987
1030,500,881.6853334490103
1035,500,896.010767356263
1040,500,888.8511722072383
1045,500,887.9871856581822
1050,500,890.8025449618648
1055,500,893.3682441312232
1060,500,893.335485644282
1065,500,897.3604653320168
1070,500,890.6725453782677
1075,500,896.3941803681199
1080,500,893.1061433573594
1085,500,897.152341299399
1090,500,900.1437939908233
1095,500,901.354075365307
1100,500,902.9159447158812
1105,500,889.9234625720344
1110,500,895.7806240710482
1115,500,901.2725392366228
1120,500,899.5967603256018
1125,500,889.5984441752628
1130,500,888.6451221527385
1135,500,899.9635389212905
1140,500,903.9723886505096
1145,500,892.8675299212047
1150,500,898.103662057941
1155,500,898.475150336346
1160,500,906.2133604264592
1165,500,897.6027641261628
1170,500,903.6979979260983
1175,500,901.111519000868
1180,500,898.0690506483734
1185,500,893.1040504919408
1190,500,896.5218190490147
1195,500,904.599283471127
1200,500,898.2393647984054
1205,500,901.2122196766173
1210,500,893.9569850261508
1215,500,890.0791911605597
1220,500,894.679252915713
1225,500,906.8495578097154
1230,500,902.1496092562579
1235,500,896.1864042175661
1240,500,892.7213807604483
1245,500,908.925711831772
1250,500,900.192752258073
1255,500,900.6153822731106
1260,500,895.2071206298034
1265,500,906.6795403336371
1270,500,900.3313992395703
1275,500,898.702932542249
1280,500,893.3887105216419
1285,500,903.3396965803338
1290,500,902.5897162273137
1295,500,897.0943248057554
1300,500,900.539521451838
1305,500,895.746303986382
1310,500,897.3376786082821
1315,500,908.5956661335516
1320,500,895.9479449342822
1325,500,902.9042269547458
1330,500,905.7470266026268
1335,500,907.3366417585174
1340,500,897.8366134349263
1345,500,904.2943841001859
1350,500,904.2881979590989
1355,500,899.2623898386615
1360,500,902.988740279781
1365,500,908.9848701768508
1370,500,906.3729871978157
1375,500,906.4481393052225
1380,500,918.7864995696763
1385,500,903.7289609075995
1390,500,896.4998668563773
1395,500,908.4130381571791
1400,500,904.5204505588636
1405,500,901.6323714957776
1410,500,903.0156371617051
1415,500,900.3965843864731
1420,500,905.8385240046938
1425,500,902.4044775761699
1430,500,902.0232762949556
1435,500,913.1955134644162
1440,500,909.7709909856344
1445,500,911.8648296358447
1450,500,902.3408456332745
1455,500,902.3108677533079
1460,500,900.512727101749
1465,500,909.646768336347
1470,500,910.3682229434289
1475,500,908.3772537413215
1480,500,909.9719248272218
1485,500,913.692562357413
1490,500,905.8437352264416
1495,500,910.3974315583437
1500,500,903.5638039655042
1505,500,901.0072855315743
1510,500,908.0986108916605
1515,500,894.94645216623
1520,500,911.4127549094959
1525,500,911.6894974099116
1530,500,913.0226007374029
1535,500,908.9820760413854
1540,500,901.1970093096438
1545,500,899.2684815428252
1550,500,905.6587425909312
1555,500,915.247934100969
1560,500,910.1577481563668
1565,500,910.3207004607991
1570,500,900.3483598095465
1575,500,918.4166919265558
1580,500,915.8763851143922
1585,500,908.3298627282132
1590,500,906.6848411978776
1595,500,913.0388500209057
1600,500,910.9628524279133
1605,500,905.8987896932567
1610,500,906.2996064393127
1615,500,907.4102899484892
1620,500,917.0794599240165
1625,500,906.2586203222654
1630,500,913.6968115742748
1635,500,916.8223782625778
1640,500,911.6827518310071
1645,500,907.7593852011686
1650,500,908.4875552402447
1655,500,915.8077926926702
1660,500,903.8814731429243
1665,500,918.4710618532323
1670,500,922.4890278374202
1675,500,904.4924068299671
1680,500,901.8766033141642
1685,500,911.9770242739559
1690,500,912.6276494017297
1695,500,922.1385508322317
1700,500,908.5179679829497
1705,500,913.9049523519147
1710,500,913.9824875643443
1715,500,902.7022285688381
1720,500,926.4909256026878
1725,500,916.0902486959035
1730,500,907.1806245984922
1735,500,907.3638316771306
1740,500,916.095275916418
1745,500,921.9662667636057
1750,500,915.8822186976048
1755,500,920.6220575906004
1760,500,907.4359075222608
1765,500,911.9054427629494
1770,500,918.0471094093848
1775,500,915.7893420016521
1780,500,912.175480341261
1785,500,906.7642524866346
1790,500,911.3119553851857
1795,500,914.2772191545724
1800,500,915.3763610076362
1805,500,911.32698282666
1810,500,920.8358657838777
1815,500,913.3338826435406
1820,500,917.2006059952638
1825,500,910.5437688600545
1830,500,913.7539320008065
1835,500,916.9939660960463
1840,500,921.9807069139526
1845,500,909.9807221551127
1850,500,916.6083836991539
1855,500,925.9170268570936
1860,500,912.8382332034316
1865,500,916.3537415619606
1870,500,920.6534023603
1875,500,915.1702988702796
1880,500,912.8715912644359
1885,500,916.2869247486827
1890,500,917.2170089867241
1895,500,924.4716514719256
1900,500,932.086191382092
1905,500,916.1903410846154
1910,500,920.5149620201211
1915,500,918.4072379469661
1920,500,920.3315017270974
1925,500,923.8869309525865
1930,500,923.6894865274697
1935,500,914.9041045110207
1940,500,920.9640463585172
1945,500,918.9806818105745
1950,500,916.9802888160591
1955,500,925.879521290409
1960,500,914.6490993984008
1965,500,920.6034839076381
1970,500,921.0740303032051
1975,500,918.52065542197
1980,500,916.9660092074015
1985,500,916.0140082706666
1990,500,922.2259378144024
1995,500,915.4300511459012
2000,500,925.0181010451399
2005,500,924.96965888859
2010,500,927.5290389968887
2015,500,920.7549297513855
2020,500,925.0544743276322
2025,500,926.230283171801
2030,500,925.5329555299894
2035,500,923.993733995754
2040,500,929.6281631886591
2045,500,926.1879619241888
2050,500,923.633502327475
2055,500,923.4814520860866
2060,500,920.0932290210736
2065,500,926.2813269587778
2070,500,928.9102994777803
2075,500,924.3741427542956
2080,500,922.2664509632555
2085,500,928.5059531709454
2090,500,915.706965676006
2095,500,928.7073651994695
2100,500,926.2378658229551
2105,500,927.8763289671042
2110,500,914.1953632787538
2115,500,925.5281335264973
2120,500,935.5318593479933
2125,500,931.428604358897
2130,500,917.459713902416
2135,500,925.2837979543351
2140,500,931.4269762853826
2145,500,927.4780893333378
2150,500,926.0780063287738
2155,500,920.3594472082493
2160,500,933.1987185419841
2165,500,920.2030510994615
2170,500,924.064250370065
2175,500,930.9880759468547
2180,500,922.7774971576164
2185,500,923.5731284226199
2190,500,932.2228915561637
2195,500,929.9539244863286
2200,500,932.0920940000412
2205,500,923.2359372595938
2210,500,920.6117371084057
2215,500,927.8268903802355
2220,500,929.3262539576118
2225,500,928.3930035835689
2230,500,926.8276776150915
2235,500,922.7478480352373
2240,500,932.2294512806402
2245,500,924.0635477092655
2250,500,930.2164414079122
2255,500,937.1271053616766
2260,500,929.1632500651509
2265,500,920.8699746720465
2270,500,939.7096559164478
2275,500,924.5093802347167
2280,500,926.7875383762864
2285,500,932.2139930065109
2290,500,937.8737068334398
2295,500,933.0890734720201
2300,500,928.5985939818775
2305,500,926.9984147045603
2310,500,923.5891527499923
2315,500,931.994541391082
2320,500,933.8755424510017
2325,500,941.9983483380911
2330,500,933.3613542110825
2335,500,939.7591009517167
2340,500,926.1202315831746
2345,500,936.1752719019329
2350,500,936.3006584167443
2355,500,931.4188656761235
2360,500,933.3543845221448
2365,500,936.6299572661069
2370,500,940.546766348611
2375,500,934.5409409418446
2380,500,936.7919660506593
2385,500,946.4356253590357
2390,500,938.1026780958081
2395,500,929.4095140191797
2400,500,923.4449808553702
2405,500,931.2476041088835
2410,500,937.5909102890237
2415,500,921.796114517015
2420,500,938.9157801619504
2425,500,937.1917544995878
2430,500,935.2095941472612
2435,500,932.9466205628911
2440,500,940.2230106676727
2445,500,937.3007466221428
2450,500,927.8105317777885
2455,500,931.2627571819106
2460,500,941.6509129308467
2465,500,936.4851504313444
2470,500,927.2240624525472
2475,500,927.3188971345336
2480,500,945.0095300301101
2485,500,931.2523931654737
2490,500,930.5162210683669
2495,500,927.7689065560684
2500,500,936.8429199045153
2505,500,944.5806058653401
2510,500,943.690826301316
2515,500,944.1896490185547
2520,500,937.4916809017246
2525,500,937.0890901265417
2530,500,939.1949037791723
2535,500,934.5966609809934
2540,500,933.6855965066909
2545,500,937.4991107059158
2550,500,941.3646583884374
2555,500,931.8932620673296
2560,500,932.8807443384853
2565,500,931.7901854945034
2570,500,943.3658508139781
2575,500,934.5505944828855
2580,500,936.4493212204883
2585,500,942.9816136189959
2590,500,940.8351814289936
2595,500,942.6888876590655
2600,500,938.1000368752588
2605,500,936.1729780270816
2610,500,943.3670151288933
2615,500,941.0260440463446
2620,500,940.1331633451169
2625,500,946.0172191945163
2630,500,940.404112877258
2635,500,948.462589601723
2640,500,941.9742953285937
2645,500,933.1018387666804
2650,500,936.6990970699059
2655,500,942.2732530115268
2660,500,934.0601834478226
2665,500,928.7671400375308
2670,500,934.7767136217979
2675,500,935.8183286093214
2680,500,937.7558321621741
2685,500,929.8849444213049
2690,500,944.3173799858974
2695,500,944.0941187069633
2700,500,938.244151270477
2705,500,946.2630921116655
2710,500,936.898718365847
2715,500,932.6006889501459
2720,500,943.331440310062
2725,500,935.2123042407011
2730,500,935.8005119909587
2735,500,944.2651784006006
2740,500,942.4602044077329
2745,500,953.0277746585634
2750,500,940.7795297011262
2755,500,946.9474190848346
2760,500,943.3782694337232
2765,500,950.7454235382536
2770,500,942.3476166084293
2775,500,936.5720042951423
2780,500,955.2581258228911
2785,500,940.1764155054586
2790,500,943.0784338701029
2795,500,955.1522457308973
2800,500,944.882868387043
2805,500,944.112326093764
2810,500,943.7226847378333
2815,500,953.160974712193
2820,500,950.7002018736663
2825,500,944.5952441332051
2830,500,940.7979651369039
2835,500,943.8646065115827
2840,500,936.1803548747066
2845,500,946.7989818934639
2850,500,939.3972024385921
2855,500,944.3688966062355
2860,500,955.3013923081534
2865,500,945.3334510214809
2870,500,937.1173475915564
2875,500,951.060514221929
2880,500,948.3066897088776
2885,500,947.1838891414175
2890,500,949.818172054263
2895,500,947.9214524310653
2900,500,939.2971482434953
2905,500,947.1673199966639
2910,500,956.2735869131357
2915,500,957.9633970074551
2920,500,949.1216347894981
2925,500,954.273551084312
2930,500,937.8858893029746
2935,500,951.5798554294827
2940,500,949.7682876783692
2945,500,943.2421956420112
2950,500,953.6928118172979
2955,500,943.8896005268797
2960,500,954.2254912293428
2965,500,956.5197159194043
2970,500,953.0374070181613
2975,500,950.2353579147781
2980,500,953.3737457200597
2985,500,947.7214515444093
2990,500,943.6658658242882
2995,500,954.3390369091243
3000,500,959.0352604665106
3005,500,952.4973401995804
3010,500,945.9154582536664
3015,500,953.1447056887982
3020,500,951.9937794784993
3025,500,948.6194676669679
3030,500,954.6181889358423
3035,500,950.1434267984522
3040,500,950.724533098397
3045,500,949.6100303239377
3050,500,956.6137490084109
3055,500,956.5477921031187
3060,500,957.7219242906665
3065,500,949.6933602721192
3070,500,948.5729871082266
3075,500,955.3885256877396
3080,500,946.5175728249056
3085,500,953.2383000869679
3090,500,944.1177123273169
3095,500,956.3555697576246
3100,500,950.1699802122604
3105,500,957.9654537904078
3110,500,959.065399087066
3115,500,947.8187432130908
3120,500,956.0424580210245
3125,500,946.8224723468707
3130,500,951.0270971994273
3135,500,949.2581887930623
3140,500,957.206144059545
3145,500,950.6687356319977
3150,500,944.8501483507391
3155,500,954.3208515749826
3160,500,951.2642290890941
3165,500,955.1980623831126
3170,500,961.8064329797087
3175,500,954.9962505422803
3180,500,951.3855511664573
3185,500,954.1884993079676
3190,500,960.0994949875138
3195,500,964.7366754573042
3200,500,957.8771394544206
3205,500,952.5186686110856
3210,500,955.1214798265676
3215,500,956.2589671935508
3220,500,958.7687473994623
3225,500,955.4223502636945
3230,500,950.324426642138
3235,500,963.9846000311803
3240,500,958.4036114790642
3245,500,962.1993619513916
3250,500,962.555343426392
3255,500,952.1367341035567
3260,500,964.8169536097387
3265,500,957.9448586303118
3270,500,966.3447218816164
3275,500,958.9827913574559
3280,500,953.8897462680021
3285,500,958.2705786850258
3290,500,963.934912299026
3295,500,964.6376301126904
3300,500,954.9274026740329
3305,500,950.6843703844646
3310,500,955.093892607397
3315,500,956.2772844085702
3320,500,955.1749577411051
3325,500,946.5467467854896
3330,500,954.0123302263708
3335,500,967.9669904133773
3340,500,967.179459389261
3345,500,962.6833530724085
3350,500,952.2202794987895
3355,500,956.483761507621
3360,500,960.7925419171299
3365,500,959.4120905493986
3370,500,969.631887479318
3375,500,961.2555263347125
3380,500,959.0541741799591
3385,500,966.4871985519751
3390,500,959.3949959013551
3395,500,960.0838019738308
3400,500,961.0782545959303
3405,500,961.774276649806
3410,500,961.757689441437
3415,500,962.6736391623066
3420,500,961.7951588782219
3425,500,956.5392096950708
3430,500,959.5981313265385
3435,500,968.2374867364414
3440,500,960.3570386160676
3445,500,967.9359892807812
3450,500,963.5663774895862
3455,500,972.7144029180153
3460,500,965.4265008767729
3465,500,967.4399921384444
3470,500,960.6813589875223
3475,500,970.7588286913392
3480,500,973.0041181131056
3485,500,961.2006940748704
3490,500,960.1453678129084
3495,500,962.652831261191
3500,500,958.7717975114108
3505,500,970.2449663825877
3510,500,980.1354829502251
3515,500,964.4949728369403
3520,500,975.872959004256
3525,500,973.1558505208185
3530,500,962.0989005139093
3535,500,966.5276356410313
3540,500,956.9275144999926
3545,500,963.3667357875718
3550,500,970.6280272086549
3555,500,968.3998853088391
3560,500,968.445512405025
3565,500,972.8050912238282
3570,500,962.1508948369903
3575,500,965.6990680835773
3580,500,967.1415793523832
3585,500,959.3642255205581
3590,500,974.5822072998253
3595,500,963.6919689563624
3600,500,974.8473497601605
3605,500,967.0957201008138
3610,500,975.8784452716474
3615,500,965.9743405218122
3620,500,967.0496353670799
3625,500,977.3783972401853
3630,500,965.9394335982091
3635,500,971.1853218748727
3640,500,975.8169964486531
3645,500,971.4090652462293
3650,500,966.7834516953232
3655,500,974.1663206971522
3660,500,969.8043830581621
3665,500,963.4274376915225
3670,500,974.9587653731489
3675,500,977.1338784687808
3680,500,969.7147212938897
3685,500,974.5010164768122
3690,500,975.1638669724988
3695,500,963.9392083212704
3700,500,977.4615694101682
3705,500,974.8134161391753
3710,500,970.9400970004062
3715,500,970.3837185791773
3720,500,974.5059311104106
3725,500,965.8980861314127
3730,500,963.3975290743648
3735,500,970.9162301472813
3740,500,968.2718367307959
3745,500,972.4627131866202
3750,500,974.8320246233858
3755,500,968.8753693765608
3760,500,969.4983516106344
3765,500,975.1785165200017
3770,500,969.8387564763085
3775,500,969.5232732807277
3780,500,968.1208977165768
3785,500,969.7256973507928
3790,500,977.4952983110655
3795,500,979.7742071647236
3800,500,971.7625509550929
3805,500,974.2102560849996
3810,500,966.0298783026021
3815,500,973.4850688779591
3820,500,975.8747244558281
3825,500,977.614828461619
3830,500,963.9752711755408
3835,500,975.4131181151664
3840,500,968.6888057158773
3845,500,981.1508053275016
3850,500,980.2830170373908
3855,500,968.5018103578235
3860,500,978.0235115696275
3865,500,972.6570846420158
3870,500,973.1884575716132
3875,500,979.7375531617587
3880,500,973.4108142001077
3885,500,973.3846282602137
3890,500,982.3151788311669
3895,500,979.8109639713124
3900,500,968.9946190315205
3905,500,979.6299946543902
3910,500,978.6864051120697
3915,500,980.4477133123581
3920,500,966.8120316654304
3925,500,971.4969675347802
3930,500,967.9050419219667
3935,500,979.1186424180795
3940,500,973.4746437020689
3945,500,981.5558503337857
3950,500,970.7350059373498
3955,500,967.0956860133922
3960,500,978.9206749972615
3965,500,973.6472321381673
3970,500,976.9876322442493
3975,500,985.5547286883776
3980,500,973.2701214765115
3985,500,977.6030636959507
3990,500,977.7837799183685
3995,500,974.0806551478099
4000,500,978.7111883662104
4005,500,979.8347966313858
4010,500,971.2212117514126
4015,500,968.0749632314034
4020,500,980.7699906206662
4025,500,981.6293623599163
4030,500,985.1913862012061
4035,500,985.4733571627329
4040,500,981.7452119105515
4045,500,979.048682007263
4050,500,981.3697812850286
4055,500,991.1527991545757
4060,500,978.6511820318946
4065,500,985.5320830142466
4070,500,986.5215710528595
4075,500,987.4534807708211
4080,500,986.2296679269679
4085,500,983.5498115867312
4090,500,975.3764540389813
4095,500,977.5497856135122
4100,500,981.0796163547502
4105,500,984.386830178459
4110,500,983.7070756536117
4115,500,989.2261882760184
4120,500,977.4429250297477
4125,500,977.6137686000475
4130,500,988.9705972994141
4135,500,983.1098162281145
4140,500,983.2409025807117
4145,500,984.0997257613659
4150,500,988.6039150884475
4155,500,988.4922861807731
4160,500,987.7399719074091
4165,500,996.8849738222614
4170,500,989.1331134831146
4175,500,982.2738374243586
4180,500,985.9042718894112
4185,500,994.5514279092648
4190,500,979.6250400412144
4195,500,989.6648690736674
4200,500,982.1842975096836
4205,500,979.0244130845564
4210,500,981.9924580961821
4215,500,985.137049356107
4220,500,992.2027103606815
4225,500,982.9026696546725
4230,500,994.1291353039171
4235,500,986.0319480635909
4240,500,992.6054852106821
4245,500,987.066884433568
4250,500,982.5727677729678
4255,500,995.3588539594123
4260,500,983.7515477197284
4265,500,987.2158193653547
4270,500,995.7432009171642
4275,500,977.7040856966464
4280,500,981.7360912608316
4285,500,992.7599106169248
4290,500,984.3006988980675
4295,500,987.3974988221156
4300,500,991.8780532897016
4305,500,976.9000060476736
4310,500,1002.6637135161615
4315,500,990.532079705099
4320,500,979.8329466265743
0,4000,1006.5554990233085
5,4000,996.4652935175151
10,4000,1009.4686726356852
15,4000,1009.2250906505254
20,4000,998.4520515005655
25,4000,997.2069799692249
30,4000,993.2720127910145
35,4000,1006.2203695098108
40,4000,996.2754205190263
45,4000,1001.8679174747117
50,4000,1001.2288610833863
55,4000,1002.9633009517646
60,4000,998.1697839733615
65,4000,1002.7347467722823
70,4000,998.4476535127582
75,4000,1003.2443674479889
80,4000,1002.0346543826149
85,4000,1003.7568092125913
90,4000,1007.5107261717789
95,4000,1000.1345821292438
100,4000,1005.3359298385772
105,4000,1010.3108649490978
110,4000,1003.2421066868017
115,4000,1007.596915937712
120,4000,1013.2107736364495
125,4000,1004.8634317820782
130,4000,1007.1188916133664
135,4000,1005.8284082505126
140,4000,1013.6486522085899
145,4000,997.9234952306552
150,4000,1003.9858184344018
155,4000,1003.6828006097319
160,4000,1003.7496866526732
165,4000,1005.7896997288537
170,4000,1008.0404322692368
175,4000,1004.1406307044097
180,4000,1001.9282206535456
185,4000,1001.1886118671556
190,4000,1013.6061725394801
195,4000,1007.0657817477619
200,4000,1009.1238071333338
205,4000,1012.2041896559259
210,4000,1009.5851889260218
215,4000,1007.0834135761202
220,4000,1008.4776147261815
225,4000,1014.5712368341476
230,4000,1011.0462109246196
235,4000,1009.2826221589606
240,4000,1005.1167183391975
245,4000,1007.5284669770969
250,4000,1003.5006496786884
255,4000,1005.5490952234396
260,4000,1001.7062583491689
265,4000,1015.1313000981977
270,4000,1008.7719901544914
275,4000,1017.0498935831778
280,4000,1005.7871087248944
285,4000,1006.1290407662991
290,4000,1011.0945130956419
295,4000,1009.1186756151071
300,4000,1006.2596500664357
305,4000,1009.5779013016235
310,4000,1009.2744133097033
315,4000,1013.2674391080469
320,4000,1013.974318906264
325,4000,1011.5349013510244
330,4000,1009.9836751286161
335,4000,1018.5708249744029
340,4000,1009.1033694645173
345,4000,1004.177037891685
350,4000,1016.4913036945414
355,4000,1013.9770966439087
360,4000,1013.0016382590196
365,4000,1007.2670137554045
370,4000,1015.5642832050158
375,4000,1019.419857499457
380,4000,1018.3363885508909
385,4000,1021.6626433861921
390,4000,1012.82208850768
395,4000,1011.6820918879401
400,4000,1011.2581505289445
405,4000,1015.0871663807424
410,4000,1008.2086323942925
415,4000,1008.7900713768212
420,4000,1022.9863495303954
425,4000,1011.1482143490414
430,4000,1025.7521144445475
435,4000,1017.0305550988213
440,4000,1017.0735724962747
445,4000,1012.7065649551012
450,4000,1013.3612568170578
455,4000,1011.8598328500667
460,4000,1015.5980881976477
465,4000,1011.5799929685627
470,4000,1016.2632851526173
475,4000,1008.3217701960109
480,4000,1009.8804535412835
485,4000,1013.9875425134715
490,4000,1014.5861373984574
495,4000,1009.3441302373036
500,4000,1013.9900959855489
505,4000,1010.0902244291533
510,4000,1016.1537335727851
515,4000,1016.9319312835892
520,4000,1013.9358672340175
525,4000,1013.9223457314819
530,4000,1011.8694406895527
535,4000,1018.5951711127449
540,4000,1014.7557101782065
545,4000,1016.2200533010495
550,4000,1021.7848030715744
555,4000,1021.0409705204029
560,4000,1022.289874541225
565,4000,1025.390598455258
570,4000,1015.5089587828309
575,4000,1017.2620491975783
580,4000,1018.537117756142
585,4000,1019.588362480596
590,4000,1017.357532492083
595,4000,1016.7414389965005
600,4000,1022.5652293180782
605,4000,1013.5023932797186
610,4000,1020.0612633537754
615,4000,1018.5052544998528
620,4000,1019.9502752449214
625,4000,1020.3113872218427
630,4000,1016.7429147733085
635,4000,1018.5824528339605
640,4000,1016.2427632667251
645,4000,1021.3068291268876
650,4000,1018.9936153278616
655,4000,1023.257471393552
660,4000,1029.8290160110607
665,4000,1013.1957089095296
670,4000,1027.4612965909685
675,4000,1027.3184076685602
680,4000,1015.9736988626695
685,4000,1029.0289449251934
690,4000,1025.09470856085
695,4000,1023.2242544569312
700,4000,1021.7474907886087
705,4000,1028.1784486927797
710,4000,1038.2213409700635
715,4000,1026.9882388421363
720,4000,1023.6781004991994
725,4000,1023.2054725389448
730,4000,1029.472349458012
735,4000,1020.4496667046427
740,4000,1028.1441611744099
745,4000,1028.4028355888722
750,4000,1023.8901920782765
755,4000,1027.2388359648035
760,4000,1027.72752605894
765,4000,1025.5336050563558
770,4000,1021.0250782369806
775,4000,1027.5231566067519
780,4000,1022.7719049098133
785,4000,1029.4500127524911
790,4000,1032.3803054717243
795,4000,1031.7963521836164
800,4000,1030.2205267982242
805,4000,1025.925155695152
810,4000,1025.0604188277234
815,4000,1019.4089521631665
820,4000,1027.8925696428919
825,4000,1029.977676765129
830,4000,1015.4616674831308
835,4000,1029.120445038091
840,4000,1031.8310796412509
845,4000,1025.9235542041438
850,4000,1025.016303917658
855,4000,1026.721633067793
860,4000,1023.8794220166684
865,4000,1025.472551528057
870,4000,1029.17770417469
875,4000,1017.3858276116678
880,4000,1035.096139950383
885,4000,1030.5880113396433
890,4000,1030.659492751092
895,4000,1030.1224633993731
900,4000,1032.8207686754095
905,4000,1032.9605814319452
910,4000,1027.8839047083827
915,4000,1027.4052845735148
920,4000,1030.4485340186213
925,4000,1029.4421944504586
930,4000,1023.2145331551288
935,4000,1027.9170395646265
940,4000,1023.6673882132804
945,4000,1029.8626150864075
950,4000,1024.9368282558198
955,4000,1034.9921421031106
960,4000,1030.0232126308626
965,4000,1035.2941239696295
970,4000,1034.3812818755835
975,4000,1031.5224154835857
980,4000,1032.7746791591353
985,4000,1036.4436920925357
990,4000,1035.475647387591
995,4000,1034.3032733314105
1000,4000,1031.669156774759
1005,4000,1031.7374323372833
1010,4000,1023.3736980809844
1015,4000,1024.5812738501713
1020,4000,1030.5066423054213
1025,4000,1030.4075631578721
1030,4000,1036.0094273302764
1035,4000,1041.873803309439
1040,4000,1042.263306147226
1045,4000,1031.0261522223561
1050,4000,1032.5426828429984
1055,4000,1043.2663312489487
1060,4000,1045.1305924434294
1065,4000,1045.423687677229
1070,4000,1038.6370082978888
1075,4000,1045.0546109497766
1080,4000,1035.3576249029372
1085,4000,1034.246931545994
1090,4000,1032.7610271466
1095,4000,1037.007687416657
1100,4000,1038.6490332075039
1105,4000,1036.790905453946
1110,4000,1028.5396002099612
1115,4000,1037.861213296115
1120,4000,1040.1206442111356
1125,4000,1041.8407160677605
1130,4000,1040.4472854912055
1135,4000,1041.598110693039
1140,4000,1039.9412369887293
1145,4000,1043.089022678052
1150,4000,1042.7583364797233
1155,4000,1044.278015229607
1160,4000,1029.9215777736558
1165,4000,1042.1494746931355
1170,4000,1047.2504431148727
1175,4000,1039.6433876743588
1180,4000,1039.177706028457
1185,4000,1046.460800476194
1190,4000,1040.9329318357038
1195,4000,1040.1321886775643
1200,4000,1049.716518360782
1205,4000,1036.7911729089499
1210,4000,1036.5382625992786
1215,4000,1039.509595054636
1220,4000,1041.6056641315718
1225,4000,1039.0657462316665
1230,4000,1039.9118828245216
1235,4000,1037.3069284941869
1240,4000,1048.1717631572003
1245,4000,1048.564462217177
1250,4000,1042.8309362107973
1255,4000,1054.0241597655754
1260,4000,1036.8046143693414
1265,4000,1048.8298141235612
1270,4000,1040.1221013786255
1275,4000,1037.6801397730587
1280,4000,1038.7902310683173
1285,4000,1041.7784998716277
1290,4000,1047.890396401328
1295,4000,1040.1105023483565
1300,4000,1044.8683977070589
1305,4000,1050.3048413728222
1310,4000,1046.6531251197175
1315,4000,1048.5940333211656
1320,4000,1040.3936381145236
1325,4000,1045.774483669246
1330,4000,1048.668471870152
1335,4000,1045.9186114399245
1340,4000,1039.7378018553318
1345,4000,1036.4764880808368
1350,4000,1045.8888242443206
1355,4000,1047.540924028694
1360,4000,1040.83128275907
1365,4000,1060.0112298491194
1370,4000,1042.979731770593
1375,4000,1043.115731287746
1380,4000,1046.5491628346392
1385,4000,1046.5812139569382
1390,4000,1044.8439768480744
1395,4000,1049.826766559792
1400,4000,1045.6874893966556
1405,4000,1043.8487902711402
1410,4000,1047.0942286139862
1415,4000,1050.1720985005127
1420,4000,1053.0838185850662
1425,4000,1048.3637270318413
1430,4000,1043.4493972101147
1435,4000,1053.3258809067308
1440,4000,1055.9286317828962
1445,4000,1046.034921614731
1450,4000,1046.314664347074
1455,4000,1052.5824781148056
1460,4000,1046.0330031691735
1465,4000,1046.0775269889095
1470,4000,1051.5438053030634
1475,4000,1051.0474613050196
1480,4000,1056.5883426767753
1485,4000,1050.8138059002356
1490,4000,1047.815014078506
1495,4000,1045.9157857152704
1500,4000,1048.6162836929534
1505,4000,1043.8000288933463
1510,4000,1050.3712517849133
1515,4000,1054.1417885819942
1520,4000,1042.2502654892323
1525,4000,1046.0169016713594
1530,4000,1047.0676465154206
1535,4000,1053.5160753731116
1540,4000,1059.065629613365
1545,4000,1049.9623972282252
1550,4000,1067.471087028181
1555,4000,1063.6946476421342
1560,4000,1045.873240660559
1565,4000,1052.8878086256234
1570,4000,1046.7814286878386
1575,4000,1062.299151706266
1580,4000,1058.816931632615
1585,4000,1057.4588219498714
1590,4000,1049.6350804367075
1595,4000,1051.9457721056806
1600,4000,1049.9553011026915
1605,4000,1062.5277207389518
1610,4000,1056.6517129356464
1615,4000,1053.117501624561
1620,4000,1054.043214571526
1625,4000,1053.3556598792632
1630,4000,1062.3175181597744
1635,4000,1053.1366916062009
1640,4000,1050.0144464155767
1645,4000,1059.0041690429643
1650,4000,1056.678394502569
1655,4000,1057.9707596484634
1660,4000,1051.6959256589107
1665,4000,1051.870967266512
1670,4000,1056.163555336897
1675,4000,1059.7396142606349
1680,4000,1055.5550940338087
1685,4000,1057.14754691075
1690,4000,1051.4503647954161
1695,4000,1057.7297658354755
1700,4000,1053.229176061413
1705,4000,1053.8667036448758
1710,4000,1057.4007511890659
1715,4000,1062.945152048128
1720,4000,1062.5033445196814
1725,4000,1057.805809561714
1730,4000,1060.7873978120817
1735,4000,1058.7300832663013
1740,4000,1062.2294919039148
1745,4000,1059.2604199725722
1750,4000,1057.0479610338593
1755,4000,1056.320645039188
1760,4000,1048.2890220847528
1765,4000,1057.4022206443199
1770,4000,1059.9506659174383
1775,4000,1065.3197093181136
1780,4000,1067.2173651714106
1785,4000,1057.2990279670012
1790,4000,1048.8905112978318
1795,4000,1068.7299932031717
1800,4000,1062.5090856739428
1805,4000,1065.8733985224355
1810,4000,1056.7832507353476
1815,4000,1057.1393285832726
1820,4000,1059.5431179026803
1825,4000,1060.5440590084734
1830,4000,1060.6999185525483
1835,4000,1066.3075036189457
1840,4000,1063.3618365915675
1845,4000,1057.68429415083
1850,4000,1061.89254775622
1855,4000,1062.7799376661142
1860,4000,1059.427675392874
1865,4000,1062.9977368952123
1870,4000,1064.0394958622753
1875,4000,1061.1157620997926
1880,4000,1061.079545026979
1885,4000,1056.6980169458473
1890,4000,1057.2149378415304
1895,4000,1059.9056242205045
1900,4000,1061.3459955630588
1905,4000,1054.9530212579466
1910,4000,1062.6742207166767
1915,4000,1056.0433357810668
1920,4000,1057.3556431869322
1925,4000,1076.2015523911418
1930,4000,1064.3651616205045
1935,4000,1066.864661081504
1940,4000,1056.3030708205781
1945,4000,1066.4305141218842
1950,4000,1059.469598658698
1955,4000,1060.2751126841092
1960,4000,1059.7095056888936
1965,4000,1060.1694909897103
1970,4000,1059.9584394548883
1975,4000,1066.183229080024
1980,4000,1068.4869204939332
1985,4000,1067.4261021157852
1990,4000,1065.6542544414046
1995,4000,1067.8107580860653
2000,4000,1074.9543631242386
2005,4000,1070.0490445478863
2010,4000,1059.3961451663097
2015,4000,1057.047706841428
2020,4000,1070.488284036192
2025,4000,1068.5549111243713
2030,4000,1071.585806412776
2035,4000,1059.205987374579
2040,4000,1066.3722217467498
2045,4000,1070.4873239342571
2050,4000,1064.5861271027636
2055,4000,1072.6947061088415
2060,4000,1068.413083477169
2065,4000,1074.2119978723217
2070,4000,1077.489121553346
2075,4000,1072.1103509609738
2080,4000,1071.5209831850887
2085,4000,1062.3722648730065
2090,4000,1077.1487960655434
2095,4000,1066.3678738224287
2100,4000,1068.513982647618
2105,4000,1071.7600784761057
2110,4000,1064.648223885874
2115,4000,1070.0435430634616
2120,4000,1077.278416614695
2125,4000,1060.9553923572796
2130,4000,1064.5281292165594
2135,4000,1073.847213567355
2140,4000,1070.049892533303
2145,4000,1077.7656821859841
2150,4000,1066.7767754548152
2155,4000,1071.7932908510331
2160,4000,1078.5588772750048
2165,4000,1071.595155114073
2170,4000,1071.8283293025636
2175,4000,1069.4888058745728
2180,4000,1073.6799929531567
2185,4000,1071.8106944068143
2190,4000,1071.4796847991906
2195,4000,1082.061128763691
2200,4000,1078.4157923806342
2205,4000,1071.1303434910728
2210,4000,1082.9722677770146
2215,4000,1067.5932274000947
2220,4000,1074.7956897858098
2225,4000,1070.3806687145398
2230,4000,1083.8420437581694
2235,4000,1073.1464965044888
2240,4000,1076.8988207574232
2245,4000,1077.9180533987644
2250,4000,1073.8134164939047
2255,4000,1064.354910842742
2260,4000,1079.546454618728
2265,4000,1072.414260571767
2270,4000,1085.881150751254
2275,4000,1080.176806707579
2280,4000,1075.3197463405654
2285,4000,1081.8086981524962
2290,4000,1066.2628264543996
2295,4000,1078.2357564716674
2300,4000,1076.9813686004807
2305,4000,1082.3867565392243
2310,4000,1079.8496169041562
2315,4000,1083.6046162873688
2320,4000,1084.7391162138888
2325,4000,1071.1211882403031
2330,4000,1078.36691955499
2335,4000,1070.0002818944956
2340,4000,1083.0585244254087
2345,4000,1072.8148628383396
2350,4000,1075.694894437457
2355,4000,1076.3682076504565
2360,4000,1078.6540305918563
2365,4000,1076.9486378802937
2370,4000,1083.7339203645859
2375,4000,1087.461872134789
2380,4000,1073.4254262973852
2385,4000,1085.8119510402937
2390,4000,1075.0749104846443
2395,4000,1084.0027189501782
2400,4000,1083.2109790471404
2405,4000,1079.8413585345509
2410,4000,1077.4699033695795
2415,4000,1079.0767167444587
2420,4000,1084.7622255711724
2425,4000,1080.8322598474067
2430,4000,1074.0239843467048
2435,4000,1083.9297298740773
2440,4000,1081.661596325474
2445,4000,1079.2329000437653
2450,4000,1074.1094316924257
2455,4000,1082.488842910624
2460,4000,1078.2807922769537
2465,4000,1080.8465327078302
2470,4000,1076.1361829510324
2475,4000,1081.8424054282655
2480,4000,1082.240138120407
2485,4000,1087.918850258714
2490,4000,1083.3193905233818
2495,4000,1080.4007338425681
2500,4000,1090.379413600468
2505,4000,1080.4303419165562
2510,4000,1084.496991494665
2515,4000,1086.152191041679
2520,4000,1087.2841727809146
2525,4000,1084.5223357961897
2530,4000,1091.0410550994832
2535,4000,1084.8657643935476
2540,4000,1084.0606122167992
2545,4000,1086.2745275295954
2550,4000,1096.9433193654286
2555,4000,1089.0639387035708
2560,4000,1082.1343603559048
2565,4000,1080.7841006703413
2570,4000,1084.1977395868234
2575,4000,1087.5168504340568
2580,4000,1091.4736399004778
2585,4000,1096.2801219153869
2590,4000,1085.9700321924124
2595,4000,1087.09601718005
2600,4000,1083.5373546210315
2605,4000,1086.026956506188
2610,4000,1094.7580457531778
2615,4000,1088.8889478487276
2620,4000,1091.051967460537
2625,4000,1089.9258587922784
2630,4000,1084.4517492770615
2635,4000,1082.480957416784
2640,4000,1084.0691228584235
2645,4000,1086.4315698392106
2650,4000,1086.9355089069697
2655,4000,1089.5211676600459
2660,4000,1086.7208022320353
2665,4000,1086.5114789140132
2670,4000,1088.7533923508743
2675,4000,1088.6479227876757
2680,4000,1089.7997581851303
2685,4000,1093.9317606974298
2690,4000,1090.7051629895698
2695,4000,1095.2740403900802
2700,4000,1090.3739431558877
2705,4000,1087.232376843262
2710,4000,1093.4476355645093
2715,4000,1091.1052571711223
2720,4000,1092.766367384552
2725,4000,1095.7419569444805
2730,4000,1088.9683252754105
2735,4000,1086.511227804669
2740,4000,1086.4950396868448
2745,4000,1095.0713904826089
2750,4000,1095.1372282562918
2755,4000,1095.9978254414318
2760,4000,1090.342565657528
2765,4000,1093.6113602491018
2770,4000,1090.4446391040544
2775,4000,1087.344515644872
2780,4000,1092.5930501744717
2785,4000,1090.2166371177416
2790,4000,1086.4720986820894
2795,4000,1087.2486761348898
2800,4000,1096.5642969515272
2805,4000,1085.7093733905408
2810,4000,1096.374847702059
2815,4000,1089.7255891793138
2820,4000,1094.5749337900647
2825,4000,1092.9485147573187
2830,4000,1092.7615329045634
2835,4000,1091.3776541894104
2840,4000,1093.9017480643422
2845,4000,1105.3274443624784
2850,4000,1092.3633307128694
2855,4000,1094.1860832681637
2860,4000,1099.5530332479818
2865,4000,1093.1753188764753
2870,4000,1092.1124272898458
2875,4000,1095.6031790389932
2880,4000,1088.9864022143756
2885,4000,1098.3106134141951
2890,4000,1092.7217192655205
2895,4000,1102.3331770547306
2900,4000,1095.5748267628396
2905,4000,1093.690896073762
2910,4000,1102.0895088148432
2915,4000,1093.6427857744163
2920,4000,1090.0867053284283
2925,4000,1103.3967578333384
2930,4000,1099.3128836471485
2935,4000,1095.9827382205615
2940,4000,1097.7832872099987
2945,4000,1094.3383040196206
2950,4000,1106.6715913124744
2955,4000,1108.5935299802852
2960,4000,1103.272547035355
2965,4000,1101.020759311141
2970,4000,1099.9434904371094
2975,4000,1100.0544779735737
2980,4000,1100.9564985321908
2985,4000,1096.0943948924794
2990,4000,1101.1651352533859
2995,4000,1094.665416615408
3000,4000,1111.2837306261692
3005,4000,1104.0588974154557
3010,4000,1101.419249531663
3015,4000,1101.8084605394492
3020,4000,1095.8134404571822
3025,4000,1093.133598533188
3030,4000,1094.7242332996357
3035,4000,1087.1656004409977
3040,4000,1099.8981650050484
3045,4000,1100.0182287614066
3050,4000,1102.6732095674158
3055,4000,1101.20496309046
3060,4000,1115.3486418592668
3065,4000,1096.4574813487122
3070,4000,1108.2982996070868
3075,4000,1109.6901530597454
3080,4000,1096.299158705256
3085,4000,1110.4474660666046
3090,4000,1103.7749115981142
3095,4000,1097.6000361061008
3100,4000,1103.5680680116545
3105,4000,1104.3472717277843
3110,4000,1107.4106225997612
3115,4000,1104.8899582263816
3120,4000,1107.3036222943333
3125,4000,1104.445373094579
3130,4000,1105.0414686593258
3135,4000,1103.3408526367416
3140,4000,1092.7680804490622
3145,4000,1100.748770714039
3150,4000,1114.0166426450546
3155,4000,1105.8033531022452
3160,4000,1106.3436251844466
3165,4000,1106.5825328978892
3170,4000,1108.9580663346844
3175,4000,1105.1888192683828
3180,4000,1106.8871338009722
3185,4000,1110.437777757376
3190,4000,1108.9445768625926
3195,4000,1109.2234164797849
3200,4000,1110.727433144504
3205,4000,1109.1670070460207
3210,4000,1111.0886242660404
3215,4000,1107.537546924271
3220,4000,1118.2731041287093
3225,4000,1110.4502193755072
3230,4000,1110.806603854821
3235,4000,1109.031316576526
3240,4000,1111.4641633160077
3245,4000,1107.3947576385688
3250,4000,1106.8421893870836
3255,4000,1111.0730835765914
3260,4000,1105.3451509931372
3265,4000,1108.5516245140707
3270,4000,1114.9095486560832
3275,4000,1112.1614676126349
3280,4000,1111.8308439865934
3285,4000,1103.7982702863915
3290,4000,1107.3965633069863
3295,4000,1114.7026124584165
3300,4000,1106.6413348153728
3305,4000,1125.8022461748433
3310,4000,1106.1964222538113
3315,4000,1103.6209705584338
3320,4000,1107.1001265197472
3325,4000,1101.934081932626
3330,4000,1103.3650092692003
3335,4000,1115.142053838641
3340,4000,1100.3107363660513
3345,4000,1109.984845936159
3350,4000,1116.2343613129044
3355,4000,1109.4062217209294
3360,4000,1116.4063833666664
3365,4000,1109.7054486492732
3370,4000,1109.8998282750956
3375,4000,1113.4704504941515
3380,4000,1116.3000112049103
3385,4000,1110.070582845553
3390,4000,1116.3989646585746
3395,4000,1118.4152168542691
3400,4000,1131.0751778845563
3405,4000,1113.5613520167985
3410,4000,1114.8792359173003
3415,4000,1121.1011333715064
3420,4000,1109.5752510982425
3425,4000,1120.4612555031695
3430,4000,1108.8437648572235
3435,4000,1115.299234372157
3440,4000,1109.08916758065
3445,4000,1118.1904263992355
3450,4000,1121.809567989593
3455,4000,1118.9348831023676
3460,4000,1111.7407267434078
3465,4000,1111.599121302701
3470,4000,1116.2893361425504
3475,4000,1114.3473934165504
3480,4000,1128.5890279492323
3485,4000,1115.7155587446023
3490,4000,1114.8802355452613
3495,4000,1120.8233720637932
3500,4000,1114.4881501141224
3505,4000,1116.8555905872806
3510,4000,1121.2469141462288
3515,4000,1117.4602221371035
3520,4000,1122.5168600792026
3525,4000,1119.3365954135731
3530,4000,1122.786071209642
3535,4000,1113.7989177336779
3540,4000,1114.834226196744
3545,4000,1118.6502200024959
3550,4000,1120.8426511836221
3555,4000,1119.177472774027
3560,4000,1125.4195368475564
3565,4000,1116.5148938600992
3570,4000,1119.0012496062277
3575,4000,1126.4162076774915
3580,4000,1115.9477115425923
3585,4000,1122.35374425045
3590,4000,1128.1747425490605
3595,4000,1116.6371106087613
3600,4000,1116.887247773136
3605,4000,1110.5831819790656
3610,4000,1113.4411902626857
3615,4000,1121.8415742340053
3620,4000,1111.4563203048149
3625,4000,1119.4585252188037
3630,4000,1119.7413128234737
3635,4000,1125.3584226725695
3640,4000,1115.4770896883206
3645,4000,1123.2974607918782
3650,4000,1127.4794133716641
3655,4000,1127.1552011956865
3660,4000,1133.361597556162
3665,4000,1119.7593008714439
3670,4000,1124.0116863494836
3675,4000,1123.6325253808163
3680,4000,1122.2697202539944
3685,4000,1126.9437168084007
3690,4000,1118.5819720085053
3695,4000,1121.033469507353
3700,4000,1131.257047125631
3705,4000,1118.0572263988554
3710,4000,1122.073325683735
3715,4000,1127.1381426306311
3720,4000,1124.564630822277
3725,4000,1131.8733666360731
3730,4000,1127.1065022311611
3735,4000,1124.209378886307
3740,4000,1122.1927372472558
3745,4000,1131.6463424968124
3750,4000,1126.6034897398365
3755,4000,1123.5513619629003
3760,4000,1123.7140806715001
3765,4000,1125.364631853094
3770,4000,1126.7537014167074
3775,4000,1126.1353391849495
3780,4000,1126.4430578848524
3785,4000,1115.1031863566955
3790,4000,1127.2453875879037
3795,4000,1130.2746336582168
3800,4000,1132.0489270498792
3805,4000,1125.0752161854375
3810,4000,1119.2188565488232
3815,4000,1134.2286067484977
3820,4000,1130.5420132636077
3825,4000,1131.975732940623
3830,4000,1126.540548767907
3835,4000,1118.822986187497
3840,4000,1129.2556687199012
3845,4000,1126.4552823009415
3850,4000,1138.5253257179468
3855,4000,1122.139477324395
3860,4000,1121.3684216833021
3865,4000,1128.4968608753607
3870,4000,1124.7545703745034
3875,4000,1125.3554367579588
3880,4000,1125.8205962833897
3885,4000,1126.5855690542485
3890,4000,1122.203875718712
3895,4000,1125.6347105576565
3900,4000,1133.316936886235
3905,4000,1128.7762617719245
3910,4000,1133.0126483285037
3915,4000,1128.7387145501384
3920,4000,1134.6609279087727
3925,4000,1123.109770767127
3930,4000,1125.7793837171566
3935,4000,1129.9339192495895
3940,4000,1133.3614785561042
3945,4000,1129.629837159112
3950,4000,1133.0772964562411
3955,4000,1131.0842255391874
3960,4000,1135.4782007507736
3965,4000,1124.8383838207685
3970,4000,1135.4129183391938
3975,4000,1133.6434874403103
3980,4000,1131.995288514247
3985,4000,1142.981451886736
3990,4000,1133.5998816421552
3995,4000,1132.500910839157
4000,4000,1135.127084425347
4005,4000,1131.9745556366306
4010,4000,1136.347601443812
4015,4000,1131.266073054315
4020,4000,1136.9483614610442
4025,4000,1137.0003288425173
4030,4000,1130.1813532359672
4035,4000,1136.5846660673535
4040,4000,1135.1108009333168
4045,4000,1134.697546759321
4050,4000,1132.0589269868342
4055,4000,1143.7690764318183
4060,4000,1139.8062211602517
4065,4000,1130.8861118647446
4070,4000,1131.9402018200506
4075,4000,1145.5683282807154
4080,4000,1136.5411841801533
4085,4000,1136.078501427405
4090,4000,1138.579752876672
4095,4000,1134.9717239202064
4100,4000,1135.248782379445
4105,4000,1149.451918616331
4110,4000,1137.5170877093988
4115,4000,1130.1018085372434
4120,4000,1127.486981943737
4125,4000,1140.4915872072413
4130,4000,1152.112589343165
4135,4000,1135.4974642171962
4140,4000,1130.482568583383
4145,4000,1141.0579431306367
4150,4000,1132.9826679071289
4155,4000,1135.6573870275415
4160,4000,1129.5815771415587
4165,4000,1135.0154369602255
4170,4000,1141.8005616645385
4175,4000,1145.4895553148872
4180,4000,1139.0179291531438
4185,4000,1137.5906434147819
4190,4000,1138.168809755951
4195,4000,1134.8810748466835
4200,4000,1136.607230512312
4205,4000,1134.1967769474657
4210,4000,1142.7855772275116
4215,4000,1132.2592352422662
4220,4000,1139.3908012920415
4225,4000,1142.2762209602529
4230,4000,1148.4739148972817
4235,4000,1143.4447012429957
4240,4000,1139.126583422845
4245,4000,1142.0580386736026
4250,4000,1146.9923432735493
4255,4000,1142.7817979887157
4260,4000,1142.3623100396208
4265,4000,1132.3106796447144
4270,4000,1147.1616728357194
4275,4000,1144.8524509449126
4280,4000,1141.9083485318504
4285,4000,1144.4945499079304
4290,4000,1141.2903230893867
4295,4000,1140.5344840792018
4300,4000,1140.5365977789127
4305,4000,1132.9997138333779
4310,4000,1148.0557156376751
4315,4000,1143.0737592726662
4320,4000,1149.521612159695
0,16000,1091.9759789359368
5,16000,1091.118464372727
10,16000,1090.04473564497
15,16000,1088.1210887725938
20,16000,1088.9495561114684
25,16000,1101.9210394991107
30,16000,1089.6355835736742
35,16000,1098.2998381073578
40,16000,1085.1867285910494
45,16000,1092.6402244055248
50,16000,1087.1957239446915
55,16000,1091.9797762187877
60,16000,1095.2885354110947
65,16000,1095.3973462688068
70,16000,1092.0852589721164
75,16000,1082.2729305561543
80,16000,1090.062937035003
85,16000,1095.6403847410043
90,16000,1097.8483644293813
95,16000,1087.7285774237814
100,16000,1093.618356860845
105,16000,1099.5270366999996
110,16000,1096.0231428166924
115,16000,1091.5847752961702
120,16000,1093.9122614738862
125,16000,1096.0878875753772
130,16000,1085.2311577416872
135,16000,1105.2901920673448
140,16000,1105.5838472328749
145,16000,1089.1645580573622
150,16000,1094.20565894032
155,16000,1093.2793208035296
160,16000,1086.664223638616
165,16000,1088.9480941590136
170,16000,1088.9261187850386
175,16000,1098.1618426576565
180,16000,1095.4378508994257
185,16000,1095.7086781146072
190,16000,1104.4694281053155
195,16000,1108.9494241241546
200,16000,1098.21095142847
205,16000,1094.047404028778
210,16000,1101.813580151868
215,16000,1094.9295027624305
220,16000,1096.953860162734
225,16000,1096.046665415345
230,16000,1100.012040679572
235,16000,1101.3115714887144
240,16000,1089.9224516112783
245,16000,1091.720076052573
250,16000,1103.1783257907455
255,16000,1092.9013445046653
260,16000,1099.4039604105255
265,16000,1107.011904584977
270,16000,1101.2643014554876
275,16000,1100.1523249278557
280,16000,1099.7345921905842
285,16000,1099.0473385696796
290,16000,1092.6159607631082
295,16000,1093.8362910797525
300,16000,1104.928666760158
305,16000,1107.2641491277575
310,16000,1104.9273927973848
315,16000,1096.3856424783796
320,16000,1104.0981073285996
325,16000,1106.8246257485036
330,16000,1102.6744329470941
335,16000,1108.1985770654476
340,16000,1103.8667763048215
345,16000,1096.086893791044
350,16000,1099.0193035868601
355,16000,1109.147791672882
360,16000,1107.2418943723198
365,16000,1102.8234633221741
370,16000,1104.8159732937208
375,16000,1099.459390441393
380,16000,1102.9767144696802
385,16000,1109.6938077442542
390,16000,1096.1410470432888
395,16000,1094.5250805464898
400,16000,1108.6558040607683
405,16000,1106.0005518547796
410,16000,1107.929337742156
415,16000,1101.765138550724
420,16000,1098.8238623191728
425,16000,1107.0432333188828
430,16000,1115.610079152394
435,16000,1116.451462408643
440,16000,1110.800479922787
445,16000,1102.9198525188026
450,16000,1108.2398479409553
455,16000,1098.2853653185568
460,16000,1110.1433774644422
465,16000,1100.6175957373325
470,16000,1110.4678874419594
475,16000,1103.2269025508763
480,16000,1105.496182272778
485,16000,1113.3346116401806
490,16000,1116.3911155383269
495,16000,1107.4496015272482
500,16000,1110.5536182268984
505,16000,1108.550234729296
510,16000,1119.661192921471
515,16000,1103.0917927662174
520,16000,1106.2434507169105
525,16000,1113.4992206509883
530,16000,1115.112236576843
535,16000,1104.4681701382558
540,16000,1119.0494638114892
545,16000,1110.0063718786137
550,16000,1113.4009008021642
555,16000,1111.2763088468025
560,16000,1107.2557325116393
565,16000,1117.6117722023841
570,16000,1106.5566512838498
575,16000,1111.5751064185993
580,16000,1117.5995102200234
585,16000,1106.3894375406576
590,16000,1105.7297573225762
595,16000,1111.0606150751673
600,16000,1109.3713028849181
605,16000,1105.6738942109473
610,16000,1111.6589201496106
615,16000,1102.8270666866697
620,16000,1103.409201953182
625,16000,1113.7125580194954
630,16000,1113.8354804783544
635,16000,1117.300575925751
640,16000,1104.885363625444
645,16000,1126.0652039164427
650,16000,1121.5867455871633
655,16000,1113.2947494434761
660,16000,1111.74570321996
665,16000,1111.9740094235794
670,16000,1121.3464016160024
675,16000,1118.8326775602488
680,16000,1115.128509136341
685,16000,1119.220730653464
690,16000,1120.2120168024617
695,16000,1117.52446292805
700,16000,1107.1984476774412
705,16000,1115.274640413874
710,16000,1117.0338233808577
715,16000,1124.8475242254729
720,16000,1122.1992850091433
725,16000,1113.753585522808
730,16000,1111.8751831407908
735,16000,1122.755403093471
740,16000,1116.9081548268186
745,16000,1111.2199534107829
750,16000,1125.5429049572258
755,16000,1113.6034297891697
760,16000,1106.1518507163503
765,16000,1120.7148864454646
770,16000,1120.3298286709926
775,16000,1111.9134052641602
780,16000,1119.1485506867068
785,16000,1119.766604571258
790,16000,1119.6577471766295
795,16000,1119.878657349608
800,16000,1118.4746233324233
805,16000,1129.9756084248504
810,16000,1122.7976984065695
815,16000,1113.9648544728116
820,16000,1119.803910370979
825,16000,1122.9050415845384
830,16000,1115.3661759633853
835,16000,1118.7598810547129
840,16000,1115.3246563035498
845,16000,1121.1929389841766
850,16000,1121.7268126772392
855,16000,1118.8138740493955
860,16000,1127.886503543405
865,16000,1114.4783577485607
870,16000,1120.0620641494438
875,16000,1121.5042019562463
880,16000,1126.614974217666
885,16000,1126.8310779286371
890,16000,1128.3408408359398
895,16000,1119.1404289598995
900,16000,1117.600035838413
905,16000,1125.1075228239015
910,16000,1123.1493449228121
915,16000,1131.9840039293808
920,16000,1118.306948647473
925,16000,1124.5002806938157
930,16000,1123.0141680051695
935,16000,1128.0423803729198
940,16000,1124.4615316486852
945,16000,1132.8106549531021
950,16000,1124.3016957210464
955,16000,1126.662210841282
960,16000,1126.4382112690678
965,16000,1128.5099307911
970,16000,1123.2044062206305
975,16000,1119.9945177533773
980,16000,1128.1580418088383
985,16000,1123.898777529354
990,16000,1122.0633710979637
995,16000,1126.3392781718746
1000,16000,1133.5604279847846
1005,16000,1124.426450343518
1010,16000,1132.4116010929079
1015,16000,1138.0507959151003
1020,16000,1124.4741605655868
1025,16000,1132.6542771979673
1030,16000,1121.4550868634415
1035,16000,1128.5229295200602
1040,16000,1137.05380725587
1045,16000,1134.343789230409
1050,16000,1125.9148029036264
1055,16000,1129.0771280729634
1060,16000,1129.592634801448
1065,16000,1125.421902056552
1070,16000,1132.3877869140156
1075,16000,1128.341427882709
1080,16000,1139.7844927647147
1085,16000,1132.2375063954908
1090,16000,1132.6652936085811
1095,16000,1123.729205392349
1100,16000,1131.6653485115587
1105,16000,1137.5546056722565
1110,16000,1131.8017734262087
1115,16000,1128.5077283656194
1120,16000,1133.4754010736415
1125,16000,1123.7283205325014
1130,16000,1130.0561847204892
1135,16000,1135.6801313550675
1140,16000,1135.496986504763
1145,16000,1137.3421504968294
1150,16000,1132.7553888119605
1155,16000,1130.2403605141767
1160,16000,1130.627570725622
1165,16000,1133.542486280464
1170,16000,1122.4461499401132
1175,16000,1126.8468781653514
1180,16000,1135.539931253865
1185,16000,1136.4031436172543
1190,16000,1133.7341533456342
1195,16000,1130.8533020173302
1200,16000,1129.2617832352325
1205,16000,1133.8794047476408
1210,16000,1134.2523627599805
1215,16000,1135.8796579199025
1220,16000,1134.804832714375
1225,16000,1129.9521294125434
1230,16000,1136.3056118221075
1235,16000,1132.5322801826876
1240,16000,1127.251061446124
1245,16000,1133.4576969420184
1250,16000,1135.907241962456
1255,16000,1134.7974547461683
1260,16000,1138.950532086388
1265,16000,1129.5547650039077
1270,16000,1130.418580682624
1275,16000,1137.5620085628057
1280,16000,1126.380226343854
1285,16000,1139.5766841526236
1290,16000,1137.8911384264143
1295,16000,1138.689811773799
1300,16000,1130.1810511984613
1305,16000,1143.34709071669
1310,16000,1147.7202276906846
1315,16000,1136.5243478797302
1320,16000,1139.908900528537
1325,16000,1142.8729828690475
1330,16000,1138.9440561322497
1335,16000,1137.2381023025102
1340,16000,1137.278475471842
1345,16000,1134.6110263633927
1350,16000,1135.9870766581578
1355,16000,1144.786274927974
1360,16000,1141.4248432371062
1365,16000,1132.6385436964147
1370,16000,1142.042645938526
1375,16000,1138.1790225431441
1380,16000,1143.4197823751858
1385,16000,1141.2781871277525
1390,16000,1138.911091929804
1395,16000,1146.639422272943
1400,16000,1133.9307568472002
1405,16000,1147.6891913678933
1410,16000,1151.9111339130384
1415,16000,1141.1509946989438
1420,16000,1153.0728598136193
1425,16000,1143.3688930599528
1430,16000,1138.7215760113909
1435,16000,1137.6957649734477
1440,16000,1146.1586273087728
1445,16000,1146.4701492481909
1450,16000,1150.6515680886152
1455,16000,1131.047645063033
1460,16000,1144.1875014175516
1465,16000,1146.9652887352981
1470,16000,1141.1226650680726
1475,16000,1137.7892655877695
1480,16000,1140.5186251580312
1485,16000,1138.4068899483593
1490,16000,1150.118323753799
1495,16000,1137.9264078934536
1500,16000,1139.0406711300031
1505,16000,1144.7723863001577
1510,16000,1150.533505780886
1515,16000,1157.598673038759
1520,16000,1139.147892804213
1525,16000,1150.4606876256307
1530,16000,1148.0082206174404
1535,16000,1149.0140678283742
1540,16000,1141.5699913610579
1545,16000,1143.2501780376308
1550,16000,1143.8934622666125
1555,16000,1144.6115553885527
1560,16000,1147.935641154117
1565,16000,1142.1210395136877
1570,16000,1147.4236999239115
1575,16000,1157.4577389895383
1580,16000,1153.8175375417445
1585,16000,1142.3781314975226
1590,16000,1142.6001358104572
1595,16000,1152.8314532899972
1600,16000,1154.0520139152095
1605,16000,1145.7567478549158
1610,16000,1147.1665210281278
1615,16000,1142.2928046659142
1620,16000,1151.556173571337
1625,16000,1147.9510382440003
1630,16000,1152.6068644077297
1635,16000,1155.9164183575697
1640,16000,1152.0233949435815
1645,16000,1146.7418239525246
1650,16000,1156.6514514579567
1655,16000,1147.0952067815572
1660,16000,1152.88040048762
1665,16000,1159.9431480058206
1670,16000,1154.7885620903453
1675,16000,1146.159690560912
1680,16000,1151.7911173138364
1685,16000,1157.0873429542364
1690,16000,1152.79142875473
1695,16000,1152.2884402380332
1700,16000,1143.8552405158048
1705,16000,1150.317487495554
1710,16000,1158.486463509749
1715,16000,1152.3104482085591
1720,16000,1153.4395258908692
1725,16000,1157.9975335560362
1730,16000,1153.1858052576017
1735,16000,1158.8644345504172
1740,16000,1146.2057959629497
1745,16000,1159.3924587639149
1750,16000,1149.0351041473632
1755,16000,1151.9366996706567
1760,16000,1151.0032304382048
1765,16000,1154.1847197523539
1770,16000,1150.7191216994688
1775,16000,1154.9822289750966
1780,16000,1152.3046644894705
1785,16000,1156.5097418827906
1790,16000,1156.1693369010266
1795,16000,1162.9137091285936
1800,16000,1153.9276527548377
1805,16000,1154.634806339681
1810,16000,1154.7746039984138
1815,16000,1154.5065428749601
1820,16000,1150.9208647732921
1825,16000,1155.651489087483
1830,16000,1156.741373758171
1835,16000,1149.2270382999536
1840,16000,1160.7802079294433
1845,16000,1154.6732593980178
1850,16000,1158.8241863149242
1855,16000,1157.0968678652052
1860,16000,1157.8703639741316
1865,16000,1152.2994133015063
1870,16000,1157.5599874912282
1875,16000,1158.2097987591483
1880,16000,1160.1559043795792
1885,16000,1156.9476082580456
1890,16000,1151.550189395672
1895,16000,1159.5777101609285
1900,16000,1160.689658164449
1905,16000,1161.8952179087
1910,16000,1164.3333313513785
1915,16000,1160.0319225385715
1920,16000,1163.2846224947884
1925,16000,1157.3043865236566
1930,16000,1160.2788929085855
1935,16000,1153.1263597949437
1940,16000,1153.5558041675542
1945,16000,1150.863315978675
1950,16000,1161.1532841295366
1955,16000,1158.6328581830255
1960,16000,1159.7173236401245
1965,16000,1159.3143388830035
1970,16000,1153.773195000956
1975,16000,1170.7897794877267
1980,16000,1155.5153728649457
1985,16000,1161.5136930958008
1990,16000,1158.921784645512
1995,16000,1164.2679012422636
2000,16000,1168.0484911811318
2005,16000,1163.2934870981646
2010,16000,1170.5798951121606
2015,16000,1167.1088862497688
2020,16000,1169.7926846711246
2025,16000,1166.1797387791848
2030,16000,1165.721116029237
2035,16000,1168.9442996632934
2040,16000,1168.9976485491807
2045,16000,1163.80678055963
2050,16000,1156.3038860258612
2055,16000,1162.9787718606663
2060,16000,1171.2053064290862
2065,16000,1163.7507385075437
2070,16000,1167.3298490825455
2075,16000,1160.101837437226
2080,16000,1160.3645076865841
2085,16000,1165.7432794028193
2090,16000,1156.672703446992
2095,16000,1166.6370637036914
2100,16000,1172.5548460272594
2105,16000,1174.9255874395249
2110,16000,1168.4034982521
2115,16000,1160.7017935359138
2120,16000,1171.0058220846008
2125,16000,1169.6491453689457
2130,16000,1172.8585009058995
2135,16000,1169.833798585311
2140,16000,1169.2427889522342
2145,16000,1168.654983611166
2150,16000,1164.201416057267
2155,16000,1163.5172485128576
2160,16000,1169.5480091667037
2165,16000,1169.3683045369708
2170,16000,1159.5087498304965
2175,16000,1165.6943683166733
2180,16000,1169.947105224523
2185,16000,1174.0116347965784
2190,16000,1167.5735930324954
2195,16000,1166.6830849104094
2200,16000,1169.823285674983
2205,16000,1172.1619393331982
2210,16000,1166.244642933786
2215,16000,1176.2162531321176
2220,16000,1174.296937612148
2225,16000,1176.8187569686888
2230,16000,1171.4069856545439
2235,16000,1167.541021385961
2240,16000,1171.0365010942946
2245,16000,1169.3271968142744
2250,16000,1171.8264266835952
2255,16000,1164.2844105161478
2260,16000,1179.060299808203
2265,16000,1174.088042610738
2270,16000,1169.682916648155
2275,16000,1174.3295509387383
2280,16000,1169.38736175683
2285,16000,1175.950023476
2290,16000,1174.5855712362577
2295,16000,1177.4547135283826
2300,16000,1179.6548225251943
2305,16000,1173.7186117528215
2310,16000,1174.8703086319144
2315,16000,1177.6859343770927
2320,16000,1174.5266628638399
2325,16000,1177.0691145996948
2330,16000,1176.0497288431054
2335,16000,1173.2993798354298
2340,16000,1178.6025095026482
2345,16000,1177.8483820453864
2350,16000,1170.8327090281277
2355,16000,1175.0838883985664
2360,16000,1178.9245805260514
2365,16000,1177.5967239032602
2370,16000,1174.7765978709651
2375,16000,1176.4003235091093
2380,16000,1180.4950627872652
2385,16000,1182.7533590540081
2390,16000,1188.1607334541102
2395,16000,1172.821199467843
2400,16000,1176.8010808524357
2405,16000,1174.3866069511112
2410,16000,1176.0287113174195
2415,16000,1170.4298097049939
2420,16000,1166.9845659652153
2425,16000,1181.5244508672286
2430,16000,1178.5432123822795
2435,16000,1178.4680324904361
2440,16000,1179.8625977223794
2445,16000,1173.2394464282675
2450,16000,1171.4740522121242
2455,16000,1176.3875925323557
2460,16000,1178.7197550966973
2465,16000,1180.8923920669506
2470,16000,1174.3250051421483
2475,16000,1184.8276650414712
2480,16000,1184.0977614311162
2485,16000,1184.1081603399448
2490,16000,1185.0536183333375
2495,16000,1179.0225127580952
2500,16000,1180.5895656657995
2505,16000,1181.1449714033124
2510,16000,1173.9482383301088
2515,16000,1185.2177681834762
2520,16000,1186.151946450111
2525,16000,1185.4356013052648
2530,16000,1189.2148843492957
2535,16000,1183.8363183454767
2540,16000,1183.063904929444
2545,16000,1190.909633536171
2550,16000,1176.6144265039327
2555,16000,1184.6288548542639
2560,16000,1183.8614143695381
2565,16000,1186.9766784984945
2570,16000,1182.5725020785758
2575,16000,1170.6360945591905
2580,16000,1173.3517878363073
2585,16000,1191.7653474879326
2590,16000,1180.8387536404307
2595,16000,1191.4294376864773
2600,16000,1187.3437514521454
2605,16000,1184.1490303069645
2610,16000,1190.1135305587975
2615,16000,1182.0831439685173
2620,16000,1178.0537275092775
2625,16000,1184.0031528824177
2630,16000,1179.2255385930632
2635,16000,1192.376032652898
2640,16000,1182.8437677520678
2645,16000,1184.1089601885003
2650,16000,1175.6329210377519
2655,16000,1190.68850027726
2660,16000,1188.7074387964062
2665,16000,1190.1406695620024
2670,16000,1189.9051779823365
2675,16000,1187.299994945051
2680,16000,1187.520933640815
2685,16000,1198.6075965607417
2690,16000,1189.5106215452038
2695,16000,1188.6140638548047
2700,16000,1184.3775205202608
2705,16000,1188.4077091019735
2710,16000,1188.8076956475848
2715,16000,1196.0897775380024
2720,16000,1193.2893993318223
2725,16000,1196.327363134567
2730,16000,1193.3737513267454
2735,16000,1188.1479209556562
2740,16000,1181.8433672166775
2745,16000,1185.6215787589679
2750,16000,1189.9859260447859
2755,16000,1200.0354183934705
2760,16000,1193.900172549766
2765,16000,1197.427608639652
2770,16000,1185.4681313287422
2775,16000,1187.5249763115005
2780,16000,1196.2613286481694
2785,16000,1191.1505200287654
2790,16000,1195.7363102318557
2795,16000,1194.426740055783
2800,16000,1194.6721310416383
2805,16000,1189.6125853493495
2810,16000,1194.6660092731972
2815,16000,1202.9449822981305
2820,16000,1188.7714902345404
2825,16000,1187.7234909803406
2830,16000,1182.7737829117864
2835,16000,1196.0078333060574
2840,16000,1192.966694033112
2845,16000,1197.1012012660346
2850,16000,1189.8744150365378
2855,16000,1194.7074424618427
2860,16000,1194.4805993668774
2865,16000,1197.2647071247525
2870,16000,1204.8249719172263
2875,16000,1195.221908741606
2880,16000,1197.6270170593875
2885,16000,1184.7882212669974
2890,16000,1197.052991975525
2895,16000,1191.8440022798818
2900,16000,1197.588653245945
2905,16000,1192.863332605765
2910,16000,1197.1101510482888
2915,16000,1197.447500970399
2920,16000,1199.7111290390367
2925,16000,1197.0956277965656
2930,16000,1205.0251909937356
2935,16000,1198.8773920551773
2940,16000,1209.4608407118794
2945,16000,1203.283970130246
2950,16000,1204.9456264643713
2955,16000,1199.6196768061805
2960,16000,1196.479894607798
2965,16000,1206.7438352463323
2970,16000,1193.7524409097061
2975,16000,1205.4422859204963
2980,16000,1198.4338112605483
2985,16000,1204.1556089405804
2990,16000,1189.4971133551358
2995,16000,1207.5588162105435
3000,16000,1203.0170276032443
3005,16000,1202.6564019273474
3010,16000,1202.778386102952
3015,16000,1204.2530440210287
3020,16000,1198.773309277327
3025,16000,1204.6337713831876
3030,16000,1208.5413705854876
3035,16000,1197.619189043526
3040,16000,1198.0212114739656
3045,16000,1196.9944881813592
3050,16000,1206.1574487784894
3055,16000,1207.0196686226045
3060,16000,1198.6617325949835
3065,16000,1199.9671868882601
3070,16000,1196.9974556025338
3075,16000,1190.0351204380906
3080,16000,1201.9522409949104
3085,16000,1205.114312737688
3090,16000,1193.280232873345
3095,16000,1213.1242523684455
3100,16000,1208.1008440220635
3105,16000,1205.3587404660302
3110,16000,1202.6158422398144
3115,16000,1206.6810411484403
3120,16000,1206.0754886960847
3125,16000,1201.8767059904685
3130,16000,1204.346708408407
3135,16000,1201.963748939269
3140,16000,1209.9162394144819
3145,16000,1208.187926494743
3150,16000,1212.2789034490677
3155,16000,1196.825758047329
3160,16000,1205.1157489969428
3165,16000,1206.8755864431955
3170,16000,1207.2071223462058
3175,16000,1205.3317494982662
3180,16000,1201.8295239939464
3185,16000,1205.6899894258195
3190,16000,1206.22593747125
3195,16000,1211.1738639529146
3200,16000,1210.6648295144362
3205,16000,1213.794278561589
3210,16000,1213.345947173836
3215,16000,1210.6604302839105
3220,16000,1209.7548917376732
3225,16000,1207.76891907114
3230,16000,1205.0792683372488
3235,16000,1208.9302536642988
3240,16000,1204.8579300783326
3245,16000,1218.012719559346
3250,16000,1214.5631765259752
3255,16000,1201.793988172868
3260,16000,1212.945068470591
3265,16000,1205.6673619341623
3270,16000,1203.1519291431075
3275,16000,1209.076036508257
3280,16000,1203.1821846787564
3285,16000,1209.0026300036368
3290,16000,1214.6443301212328
3295,16000,1206.7864916805163
3300,16000,1208.2425297403438
3305,16000,1206.1053054235513
3310,16000,1209.0195312647174
3315,16000,1211.140042599192
3320,16000,1212.4714005160592
3325,16000,1214.545137672213
3330,16000,1206.6782864710656
3335,16000,1220.2096092518075
3340,16000,1208.3228289977399
3345,16000,1205.8173859589172
3350,16000,1210.08413553434
3355,16000,1208.5372054982975
3360,16000,1205.2731869185557
3365,16000,1213.308687433116
3370,16000,1222.6956128300426
3375,16000,1210.4421741075007
3380,16000,1206.6089855744463
3385,16000,1213.4710508567193
3390,16000,1201.2125951792243
3395,16000,1205.3959905835732
3400,16000,1214.5740113300385
3405,16000,1207.7051321046156
3410,16000,1218.2774573464585
3415,16000,1215.8273366248534
3420,16000,1208.5201183998886
3425,16000,1210.7043952100842
3430,16000,1209.1256601256352
3435,16000,1212.872489095136
3440,16000,1217.4254616000958
3445,16000,1207.9886708478923
3450,16000,1208.9070897629683
3455,16000,1216.6148852203314
3460,16000,1208.9237165915868
3465,16000,1217.3947591831732
3470,16000,1213.2444107323513
3475,16000,1218.8350163480757
3480,16000,1203.0319493779066
3485,16000,1218.419429933084
3490,16000,1209.2586781542623
3495,16000,1225.3573356542327
3500,16000,1216.255334794177
3505,16000,1215.9924682543337
3510,16000,1216.636655953486
3515,16000,1218.7458698771588
3520,16000,1222.5007672924753
3525,16000,1219.4838653053382
3530,16000,1209.7204159306932
3535,16000,1217.2015252580495
3540,16000,1219.9776201321545
3545,16000,1220.9926503896152
3550,16000,1215.4590125109191
3555,16000,1215.0496277613693
3560,16000,1210.8855584453615
3565,16000,1221.1387474538922
3570,16000,1221.6421460748295
3575,16000,1216.1267262243207
3580,16000,1217.4515884960222
3585,16000,1212.1894521763588
3590,16000,1224.1265122554296
3595,16000,1224.7585471685363
3600,16000,1229.5032202337711
3605,16000,1220.0044408440394
3610,16000,1226.4931447233394
3615,16000,1229.122934250999
3620,16000,1212.386517917429
3625,16000,1214.5919310081958
3630,16000,1224.50250209949
3635,16000,1219.2716913880947
3640,16000,1222.7981481443971
3645,16000,1226.3651451867686
3650,16000,1215.868601491733
3655,16000,1224.6131572750555
3660,16000,1214.5069886081742
3665,16000,1235.2429878056832
3670,16000,1213.1035681732162
3675,16000,1223.1328942466585
3680,16000,1222.2911869945497
3685,16000,1226.3731461852242
3690,16000,1223.08945702828
3695,16000,1228.664654572427
3700,16000,1224.2363234111467
3705,16000,1223.9325043492074
3710,16000,1226.3820186208682
3715,16000,1216.1221561832924
3720,16000,1233.948542110756
3725,16000,1227.5933321989692
3730,16000,1228.469379718855
3735,16000,1222.9606412620738
3740,16000,1227.7744756889085
3745,16000,1223.9175232728876
3750,16000,1235.1558029408436
3755,16000,1225.8909736664436
3760,16000,1228.3360443837196
3765,16000,1222.9437089298094
3770,16000,1226.9860895059096
3775,16000,1229.925820780918
3780,16000,1231.182862406388
3785,16000,1223.5271173244396
3790,16000,1229.234753392482
3795,16000,1227.0885594706451
3800,16000,1232.0981879454516
3805,16000,1225.0550663608653
3810,16000,1228.5191616862212
3815,16000,1230.3921198722712
3820,16000,1226.5561675272675
3825,16000,1230.6434788990189
3830,16000,1224.950905063103
3835,16000,1224.4782682338246
3840,16000,1226.597981640503
3845,16000,1230.6292101237418
3850,16000,1225.5687028260472
3855,16000,1239.254917474622
3860,16000,1239.237745276168
3865,16000,1229.168725048325
3870,16000,1231.3985086454177
3875,16000,1222.782825351571
3880,16000,1232.3619811843348
3885,16000,1235.362258503239
3890,16000,1228.681726310841
3895,16000,1235.8891960434908
3900,16000,1234.1889083802505
3905,16000,1229.1614749714734
3910,16000,1230.9404986928523
3915,16000,1227.596331704264
3920,16000,1231.590828461122
3925,16000,1225.9246770355214
3930,16000,1229.0748774802137
3935,16000,1234.3467635389345
3940,16000,1228.4872836871066
3945,16000,1223.4178797221737
3950,16000,1232.5567767904083
3955,16000,1240.597030177782
3960,16000,1229.21091250858
3965,16000,1230.5701576973436
3970,16000,1238.1954953276565
3975,16000,1233.440057127506
3980,16000,1227.9054837516996
3985,16000,1231.3862400275475
3990,16000,1244.2518843716034
3995,16000,1231.6269199082133
4000,16000,1233.781920408978
4005,16000,1232.116719044333
4010,16000,1241.991219929943
4015,16000,1244.7110740595672
4020,16000,1242.9163706215002
4025,16000,1241.5559795625522
4030,16000,1242.5119035702
4035,16000,1234.3787234405331
4040,16000,1240.4081834557285
4045,16000,1235.780468757196
4050,16000,1243.195689474422
4055,16000,1239.618764999636
4060,16000,1245.7146664454935
4065,16000,1237.8467458884554
4070,16000,1231.6943534341453
4075,16000,1237.3248165161033
4080,16000,1233.451593620174
4085,16000,1234.8943342963196
4090,16000,1235.4630399237599
4095,16000,1245.3156847210641
4100,16000,1241.11183728659
4105,16000,1237.7557279658085
4110,16000,1232.6723303131362
4115,16000,1238.6758921186115
4120,16000,1243.846055634158
4125,16000,1248.2381701577483
4130,16000,1236.133343939479
4135,16000,1243.4355648545973
4140,16000,1243.5366482117363
4145,16000,1239.9966767493804
4150,16000,1237.8832217155236
4155,16000,1239.824922832159
4160,16000,1251.587576242017
4165,16000,1254.2361507367266
4170,16000,1245.628187713147
4175,16000,1239.9540777643622
4180,16000,1247.9261399114064
4185,16000,1243.861081412908
4190,16000,1236.6935276457418
4195,16000,1241.9493206016539
4200,16000,1245.67750487519
4205,16000,1248.28251115878
4210,16000,1234.0422852371844
4215,16000,1237.5728222033745
4220,16000,1237.9822978492407
4225,16000,1245.3838328339257
4230,16000,1238.6342577512278
4235,16000,1236.8565934359149
4240,16000,1242.3560419983064
4245,16000,1242.9149610123993
4250,16000,1248.9425027927714
4255,16000,1248.114197312503
4260,16000,1239.1109966986526
4265,16000,1242.5565707991616
4270,16000,1243.7518479471512
4275,16000,1248.5360176731836
4280,16000,1256.5682355249107
4285,16000,1238.5921513370483
4290,16000,1250.968071755166
4295,16000,1241.8406634692371
4300,16000,1248.8288626106314
4305,16000,1237.8627315758802
4310,16000,1245.1388030549642
4315,16000,1246.0381603234086
4320,16000,1243.2789770215697
